campaign,ad_group,keyword,match_type
GUIAA_Search_MX_MVZ_Registros,AG_Software_Veterinario,software veterinario,Phrase
GUIAA_Search_MX_MVZ_Registros,AG_Software_Veterinario,software clínica veterinaria,Phrase
GUIAA_Search_MX_MVZ_Registros,AG_Software_Veterinario,software clinica veterinaria mexico,Phrase
GUIAA_Search_MX_MVZ_Registros,AG_Software_Veterinario,sistema consultorio veterinario,Phrase
GUIAA_Search_MX_MVZ_Registros,AG_Software_Veterinario,sistema para veterinarias,Phrase
GUIAA_Search_MX_MVZ_Registros,AG_Software_Veterinario,plataforma veterinaria,Phrase
GUIAA_Search_MX_MVZ_Registros,AG_Software_Veterinario,software para veterinarios,Phrase
GUIAA_Search_MX_MVZ_Registros,AG_Software_Veterinario,app veterinaria consultorio,Phrase
GUIAA_Search_MX_MVZ_Registros,AG_Historia_Clinica,historia clínica veterinaria,Phrase
GUIAA_Search_MX_MVZ_Registros,AG_Historia_Clinica,historia clinica veterinaria digital,Phrase
GUIAA_Search_MX_MVZ_Registros,AG_Historia_Clinica,expediente clínico veterinario,Phrase
GUIAA_Search_MX_MVZ_Registros,AG_Historia_Clinica,software historia clinica veterinaria,Phrase
GUIAA_Search_MX_MVZ_Registros,AG_Historia_Clinica,registro de consultas veterinarias,Phrase
GUIAA_Search_MX_MVZ_Registros,AG_CDS_Clinico,cds veterinario,Phrase
GUIAA_Search_MX_MVZ_Registros,AG_CDS_Clinico,apoyo decisión clínica veterinaria,Phrase
GUIAA_Search_MX_MVZ_Registros,AG_CDS_Clinico,software cds veterinaria,Phrase
GUIAA_Search_MX_MVZ_Registros,AG_CDS_Clinico,sistema de apoyo clínico veterinario,Phrase
GUIAA_Search_MX_MVZ_Registros,AG_Brand,guiaa,Exact
GUIAA_Search_MX_MVZ_Registros,AG_Brand,guiaa.vet,Exact
GUIAA_Search_MX_MVZ_Registros,AG_Brand,guiaa veterinaria,Phrase
GUIAA_Search_MX_MVZ_Registros,AG_Brand,guiia,Exact
