keyword,match_type,level
empleo veterinaria,Broad,Campaign
trabajo veterinario,Broad,Campaign
vacante veterinario,Broad,Campaign
universidad veterinaria,Broad,Campaign
facultad veterinaria,Broad,Campaign
curso veterinaria,Broad,Campaign
libro veterinaria,Broad,Campaign
pdf veterinaria,Broad,Campaign
plantilla historia clinica,Broad,Campaign
plantilla word,Broad,Campaign
gratis descargar,Broad,Campaign
descargar software gratis,Broad,Campaign
crack,Broad,Campaign
torrent,Broad,Campaign
que es un veterinario,Broad,Campaign
sueldo veterinario,Broad,Campaign
cuanto gana un veterinario,Broad,Campaign
residencia veterinaria,Broad,Campaign
especialidad veterinaria examen,Broad,Campaign
perro enfermo,Broad,Campaign
sintomas perro,Broad,Campaign
clinica cerca de mi,Broad,Campaign
